"gene_id","baseMean","log2FoldChange","lfcSE","stat","pvalue","padj"
"GENE_17",270.125840847057,-2.10159834000755,0.131923838873905,-15.930391034302,3.89911126596705e-57,7.99317809523246e-55
"GENE_24",260.982737251637,-2.20451203719525,0.139851470012665,-15.7632382197742,5.57041172572658e-56,5.70967201886975e-54
"GENE_25",265.311389574604,-2.19572230614818,0.13986664193064,-15.6986846601853,1.54410510651147e-55,1.05513848944951e-53
"GENE_7",252.903738278626,-2.18106979400422,0.144670008826573,-15.0761710163357,2.32359240919444e-51,1.01298280137863e-49
"GENE_47",263.159157895405,-2.06680363020598,0.137127629770404,-15.0721166381019,2.47068975946007e-51,1.01298280137863e-49
"GENE_18",252.755598257035,-2.18644690860575,0.147950259714318,-14.7782566440075,2.0233589524838e-49,6.91314308765298e-48
"GENE_43",259.147433244179,-2.13592417253158,0.14708621713335,-14.5215793441416,8.84486303646484e-48,2.59028131782184e-46
"GENE_45",260.202809132322,-2.03461164615415,0.141095973719884,-14.420054609024,3.87036184197043e-47,9.91780222004923e-46
"GENE_36",267.966655955215,-2.00660028476802,0.139274528012477,-14.4075181111959,4.64089846683538e-47,1.05709353966806e-45
"GENE_27",256.322992518217,-1.98404527027812,0.140435817013876,-14.1277724761774,2.56118184035802e-45,5.25042277273394e-44
"GENE_11",261.556708524124,-1.99753511430319,0.142044098145045,-14.0627814910229,6.43080868993405e-45,1.19846889221498e-43
"GENE_2",255.23977739642,-2.01190504084171,0.143335459472313,-14.0363385881519,9.34157588653101e-45,1.59585254728238e-43
"GENE_49",249.041792647524,-1.97937967686126,0.145033513671171,-13.647739937881,2.08237135155468e-42,3.28373943899008e-41
"GENE_44",251.876273542583,-1.94648011465923,0.144268603796088,-13.4920562301304,1.74174199961997e-41,2.55040792801495e-40
"GENE_10",250.976849964505,-1.94599293268524,0.144636509579816,-13.4543687367633,2.90207089343697e-41,3.96616355436386e-40
"GENE_38",242.353367945395,-2.02888747638747,0.151221282799953,-13.4166794436695,4.82868867320855e-41,6.18675736254845e-40
"GENE_50",254.536652577672,-1.87381501975805,0.140711178726948,-13.3167459523185,1.84996551506847e-40,2.2308407681708e-39
"GENE_3",255.233096527246,-2.01173562214689,0.151584954464016,-13.271341006501,3.39451250843058e-40,3.86597257904594e-39
"GENE_35",244.930935791015,-2.05393983360621,0.155802990805528,-13.1829294353528,1.1003372128051e-39,1.18720594013182e-38
"GENE_22",247.788381447252,-1.96446729896279,0.151556893336844,-12.9619132176103,2.01166720055238e-38,2.06195888056619e-37
"GENE_39",245.641094148781,-1.97880405037054,0.153046444180481,-12.9294349892705,3.07067104009062e-38,2.99755982485036e-37
"GENE_40",243.528605523532,-1.94486401101667,0.150605598954461,-12.9136235606005,3.77127586192915e-38,3.51414341679762e-37
"GENE_14",253.433426136696,-1.92856053986125,0.150060630418381,-12.8518755018173,8.39499034487874e-38,7.48249139434844e-37
"GENE_32",249.918759435675,-1.86272515040357,0.146706396855562,-12.696959303264,6.1472028920467e-37,5.25073580362322e-36
"GENE_21",252.788741184285,-1.87247136011912,0.148123209552683,-12.6413096622318,1.24955101425699e-36,1.02463183169074e-35
"GENE_12",248.941598843923,-1.84406767495807,0.147409381086338,-12.5098393424364,6.59574925482439e-36,5.20049460476538e-35
"GENE_46",250.66911831676,-1.90893916760221,0.153236180706914,-12.4574963875752,1.27304684720958e-35,9.6657260621468e-35
"GENE_20",232.516576058274,-1.95396526531787,0.158198049248356,-12.3513865980125,4.78790182848249e-35,3.50542812442468e-34
"GENE_33",243.337126191952,-1.85992243918326,0.150991984655759,-12.31802100902,7.24504304339301e-35,5.12149594446747e-34
"GENE_6",235.613727467388,-1.933944614581,0.157379941202322,-12.288380589079,1.04580068516218e-34,7.14630468194158e-34
"GENE_16",241.804493506075,-1.96885158356234,0.160822344624348,-12.2424006947617,1.84493613343441e-34,1.18191221048142e-33
"GENE_31",250.396533146123,-1.80440590499611,0.147381018513673,-12.2431363495341,1.82828596565207e-34,1.18191221048142e-33
"GENE_41",247.600367125987,-1.90345499388168,0.15606263335512,-12.196737636423,3.23528165597625e-34,2.00979618022767e-33
"GENE_23",235.509359373998,-1.96455741462231,0.163576418336484,-12.0100283072657,3.14737302118462e-33,1.89768079218485e-32
"GENE_42",250.735250902701,-1.84039889006702,0.154093403619969,-11.9433982690517,7.02914673703587e-33,4.11707166026387e-32
"GENE_30",243.951164864891,-1.75012473117369,0.149207618244375,-11.7294596064613,9.00316144010019e-32,5.1268002645015e-31
"GENE_29",238.359219920411,-1.80994928510161,0.154952329715327,-11.680684559095,1.60001727335068e-31,8.8649605685646e-31
"GENE_37",232.059933335633,-1.84440493250141,0.159626118667373,-11.5545309746255,7.00287625916559e-31,3.77786745560249e-30
"GENE_48",240.989991238792,-1.76125685723788,0.153290969285951,-11.4896322036584,1.48743854742292e-30,7.81858723645383e-30
"GENE_1",229.879004873351,-1.93300842308479,0.16863409525803,-11.4627378296605,2.02994671654087e-30,1.01497335827044e-29
"GENE_34",245.640696328544,-1.90679632183358,0.166340888785445,-11.4631846430319,2.0194987425449e-30,1.01497335827044e-29
"GENE_13",234.685286996105,-1.76951535206045,0.155530643871872,-11.3772778663361,5.4267248242764e-30,2.58715950924805e-29
"GENE_28",244.539481053856,-1.85160731650872,0.162735148778199,-11.3780417470376,5.37940877386832e-30,2.58715950924805e-29
"GENE_15",231.588495406108,-1.73873460147571,0.157433883298303,-11.0442210091533,2.33786540330781e-28,1.08923274472296e-27
"GENE_19",229.448228446354,-1.91711561540081,0.173813367795937,-11.0297363183916,2.74669173215742e-28,1.25127067798282e-27
"GENE_5",243.161675919851,-1.96029989393541,0.17820252200616,-11.0004048869053,3.80419965737555e-28,1.69534984730867e-27
"GENE_4",232.101790289309,-2.02178787902757,0.190993184129525,-10.5856546045981,3.47344315079331e-26,1.51501243811198e-25
"GENE_8",237.60019496878,-1.90587109556407,0.181713239720219,-10.4883447045384,9.7725413537049e-26,4.17368953647813e-25
"GENE_9",226.321476839865,-1.81046719112429,0.173006408378958,-10.4647406306395,1.25419544243564e-25,5.24714419794503e-25
"GENE_26",229.877750415607,-1.88285964258624,0.190980559451382,-9.85890735682736,6.27282698029048e-23,2.5718590619191e-22
"GENE_420",105.105830194107,0.35115025141948,0.156234614622422,2.24758292052063,0.0246027976610831,0.0988935984416085
"GENE_374",107.269765443434,0.276319336907811,0.154120192073647,1.79288212134962,0.0729917746872768,0.287756034824841
"GENE_74",103.730413278054,0.280610529007136,0.159149540394935,1.76318780632851,0.0778688196643842,0.301190717569788
"GENE_275",105.463448019032,-0.266567890223091,0.156788584261421,-1.7001741005495,0.0890981823708979,0.338243099741372
"GENE_494",106.58457961678,0.250662054594161,0.15546452650948,1.61234244378493,0.106887442033941,0.398398647581053
"GENE_99",105.74897332908,0.229789681096162,0.152039691122992,1.511379557528,0.13069177464296,0.478425246460837
"GENE_410",104.971026034935,-0.226517268333451,0.150989370720218,-1.50021996418003,0.133557433473597,0.480338137931358
"GENE_175",106.294345246149,-0.241549522670228,0.165606320511605,-1.4585767132801,0.144681646773569,0.511374786010028
"GENE_644",106.049870286551,0.220355818786676,0.1548881959781,1.42267664359544,0.154829914407145,0.537968346668894
"GENE_452",105.22116116815,0.208003932540157,0.152098381443776,1.36756177525168,0.17144928825902,0.585785068218317
"GENE_668",104.062427364145,0.205579021939263,0.151997687303393,1.35251414404036,0.176210897191751,0.59218416269359
"GENE_337",104.242027746036,0.200460887939887,0.150929786603053,1.32817313567865,0.184120917018771,0.608786903045936
"GENE_681",104.471010968963,-0.204326186373446,0.156914892322867,-1.3021465544075,0.19286629126638,0.627580789041395
"GENE_161",104.39845150334,0.195619532676,0.151616031257683,1.29022987248313,0.196970857173489,0.630922276883833
"GENE_484",106.639780767563,-0.195359076712891,0.153255053948178,-1.27473170822118,0.202404219706771,0.638351769844432
"GENE_315",103.738810756269,0.187467992192747,0.151038085981634,1.24119682114843,0.214533048871095,0.656407089829471
"GENE_920",105.890415323754,0.188581883752194,0.151523627658473,1.24457080830488,0.213289556318984,0.656407089829471
"GENE_214",105.070732970708,0.185180240647236,0.1508183620364,1.22783617423549,0.219508473114054,0.661753485123252
"GENE_718",103.97881227525,-0.182514002397108,0.151466891398045,-1.20497622095824,0.228212481784852,0.672673292867528
"GENE_914",103.760175461499,0.18714305745046,0.155803336397088,1.20114922939454,0.229693319515741,0.672673292867528
"GENE_451",105.053502769208,0.176214540778887,0.151917428301075,1.15993630717379,0.246074739134784,0.710497486234234
"GENE_843",103.964867288655,-0.163686833517909,0.152546114738224,-1.07303180942237,0.283256844272801,0.806495181610059
"GENE_416",105.295991194555,-0.161359720453674,0.151982856705068,-1.06169685155216,0.288373329135672,0.809815513326201
"GENE_205",110.783829555952,-0.156699001183431,0.159335391735696,-0.983453829538146,0.325384128257859,0.901401976930556
"GENE_695",103.737791025004,0.141009175217486,0.151120059126342,0.933093700682035,0.350771591283455,0.958775682841444
"GENE_382",103.738724771905,0.140931323792036,0.153404320941761,0.918692008978937,0.358256690728257,0.966350284201219
"GENE_708",103.384398032471,0.141635085788242,0.155733550563002,0.909470600754999,0.363101769533127,0.966699516289495
"GENE_103",103.822514592743,-0.131571257500325,0.153706618139719,-0.855989540936534,0.392003564709659,0.983173411304241
"GENE_139",104.558130938434,0.126286060370107,0.152086664863107,0.830355905849977,0.406337588138774,0.983173411304241
"GENE_178",103.672505728688,-0.127579436468409,0.153741841449346,-0.829828986473036,0.406635479678938,0.983173411304241
"GENE_325",103.635865390618,-0.127019494910389,0.153400858434917,-0.828023364447331,0.407657268101758,0.983173411304241
"GENE_653",104.822132283427,-0.130283410864022,0.150178702229128,-0.867522551002259,0.3856557612349,0.983173411304241
"GENE_738",105.325640362838,-0.134245606966447,0.151889243161047,-0.88383880367425,0.376783236051689,0.983173411304241
"GENE_785",108.678412191584,0.135699599241262,0.161281401219803,0.841384054298509,0.4001328155846,0.983173411304241
"GENE_924",104.226804023816,0.126584547138583,0.150767990929881,0.839598288455366,0.401133659211015,0.983173411304241
"GENE_55",105.857017079511,0.034373782235132,0.150956925064855,0.22770589835719,0.819874886667392,0.988921825345433
"GENE_72",103.516765779936,0.0442707421714562,0.154803900867692,0.285979500021086,0.774893822758857,0.988921825345433
"GENE_79",104.703653428771,0.0389607223365524,0.150851347881464,0.258272285158281,0.796196774069096,0.988921825345433
"GENE_80",103.357720336611,0.0115466929274417,0.151244246189328,0.0763446757041424,0.939144883460909,0.988921825345433
"GENE_108",104.333733704988,-0.0342337469356432,0.15368443076968,-0.2227535135745,0.823727349736284,0.988921825345433
"GENE_112",103.516461546093,-0.0115577101625286,0.150585950987445,-0.0767515833100012,0.938821167981678,0.988921825345433
"GENE_129",107.494380871544,-0.0819034814883101,0.153815800803416,-0.532477684740509,0.594395193333715,0.988921825345433
"GENE_132",104.688509296359,-0.016228469283368,0.15556110175006,-0.104322154451196,0.916913697127068,0.988921825345433
"GENE_135",103.354683356154,-0.0720531765636327,0.153533022712141,-0.46930084024155,0.638854614749199,0.988921825345433
"GENE_141",106.707436498382,0.0115788718225225,0.155411157780462,0.0745047652169167,0.940608749612817,0.988921825345433
"GENE_149",104.85286459481,-0.0662637190039606,0.152414043045916,-0.43476124430344,0.663735738652637,0.988921825345433
"GENE_176",104.545500419252,0.0161986025800107,0.15618178462876,0.103716336821956,0.917394461667551,0.988921825345433
"GENE_179",103.828205464188,-0.0947147215726453,0.15030454996655,-0.630152058561924,0.528595102256761,0.988921825345433
"GENE_199",103.713296091711,0.104107439003428,0.152759048954421,0.681514055736829,0.495546275995064,0.988921825345433
"GENE_200",110.191311806447,0.112316405769143,0.159464344787519,0.704335542335817,0.481223837050871,0.988921825345433
"GENE_206",105.037051560408,0.0571147270298416,0.152347934599109,0.374896628432373,0.707737346632473,0.988921825345433
"GENE_209",103.739316649396,0.122435335943963,0.152631546299377,0.802162717422873,0.422458839570869,0.988921825345433
"GENE_210",107.542953417511,0.0695137662966251,0.157777303897417,0.440581532194397,0.659515975039984,0.988921825345433
"GENE_215",108.704294928127,0.0737677138523967,0.157113119073615,0.469519759313244,0.63869816454788,0.988921825345433
"GENE_216",104.720372023959,0.112383600620634,0.150963933041363,0.744440068276718,0.456610286046257,0.988921825345433
"GENE_219",104.384937972817,0.0941573908843563,0.150475802975967,0.62573110774092,0.531491325704761,0.988921825345433
"GENE_220",104.174385893726,-0.0759014074251641,0.151047579139257,-0.502499992768419,0.615315857481578,0.988921825345433
"GENE_225",104.20683333944,0.0251659823506438,0.151837703174026,0.16574264378723,0.868359485263972,0.988921825345433
"GENE_238",106.215678974765,0.0612452875261958,0.15411531884751,0.397399090396688,0.69107318615189,0.988921825345433
"GENE_239",106.185639652912,0.0433909386120027,0.153990395369634,0.281776915422864,0.77811457281427,0.988921825345433
"GENE_243",105.355295808622,0.0846396316314671,0.161305586795105,0.524716057968772,0.599780592643835,0.988921825345433
"GENE_266",103.375049481232,0.0485243556261527,0.151830824345433,0.31959489013742,0.749275448459895,0.988921825345433
"GENE_267",111.81668445608,-0.069619510926311,0.164504456309101,-0.423207446705863,0.672143914130963,0.988921825345433
"GENE_278",107.490873729377,0.0167758005784261,0.158041507285449,0.106148067470188,0.915464874214962,0.988921825345433
"GENE_280",103.558932024672,0.0900136898852371,0.153277217576527,0.587260724773371,0.557028614469321,0.988921825345433
"GENE_320",111.945170764072,-0.0817089791084072,0.164558495485287,-0.496534553670083,0.61951731480446,0.988921825345433
"GENE_326",105.704435940325,0.0115987963951802,0.153368784745167,0.0756268390236803,0.939715983153265,0.988921825345433
"GENE_343",107.040502745272,0.09241333215087,0.153779696086634,0.600946253000836,0.54787578502,0.988921825345433
"GENE_352",105.340919544915,-0.0243096184207918,0.164244215416741,-0.148008977723266,0.882335683083343,0.988921825345433
"GENE_356",105.86207165189,0.088907699572232,0.152293148903312,0.583793166090994,0.559359476601174,0.988921825345433
"GENE_369",106.525546442884,-0.0108087676991968,0.151981681224561,-0.071118884934733,0.943303138222505,0.988921825345433
"GENE_370",104.730129804235,0.121495301242697,0.151309544357538,0.802958608847628,0.421998658702443,0.988921825345433
"GENE_375",103.65901957594,-0.0716337494393141,0.153476911264578,-0.466739582189175,0.640686206758913,0.988921825345433
"GENE_381",105.013793528444,-0.0800458675426729,0.156688649594162,-0.51085938739021,0.609449520943666,0.988921825345433
"GENE_390",106.160948371498,-0.0650625290585678,0.151114818249982,-0.430550291573247,0.666795391508879,0.988921825345433
"GENE_394",107.012395610236,0.0210825330084355,0.156524827828566,0.134691302976714,0.892855949746702,0.988921825345433
"GENE_401",104.00803495289,-0.0159651480265335,0.150658651465115,-0.105969009222349,0.915606940763442,0.988921825345433
"GENE_409",103.521126103278,0.053237200909251,0.152187845255239,0.349812436203202,0.726479465276754,0.988921825345433
"GENE_432",103.655293378747,-0.117797529993495,0.15581079488861,-0.756029324397638,0.449631614166188,0.988921825345433
"GENE_441",104.161667044031,-0.0480661178667853,0.153513395364781,-0.313106994686488,0.754199375111409,0.988921825345433
"GENE_442",105.663724821369,-0.033746653866031,0.155161724872142,-0.217493417876344,0.827823836012323,0.988921825345433
"GENE_443",106.003529956282,-0.0970864852220175,0.156494315201354,-0.620383463112387,0.535005357140282,0.988921825345433
"GENE_447",109.20575094246,0.0601252719454746,0.155171328796484,0.387476684074365,0.698403342854378,0.988921825345433
"GENE_454",104.864081642929,0.0620063737274844,0.150317137962459,0.412503687656495,0.679970278350555,0.988921825345433
"GENE_455",104.84624227867,-0.0391246576391702,0.161490779172631,-0.242271774522473,0.808569583043636,0.988921825345433
"GENE_466",106.013508428963,-0.0154144890244655,0.153221597146317,-0.100602586786416,0.919865943168493,0.988921825345433
"GENE_471",103.492686258013,0.016676825858729,0.158588048590655,0.105158150358322,0.91625031771897,0.988921825345433
"GENE_486",103.52786156948,0.0809854155139012,0.154097930293982,0.525545121595082,0.599204294889745,0.988921825345433
"GENE_499",106.161533567847,-0.0468395879783761,0.151704588811732,-0.308755248244368,0.757507713609033,0.988921825345433
"GENE_508",104.692898235564,0.0298584697358718,0.150689605418745,0.198145516758766,0.84293121353628,0.988921825345433
"GENE_520",106.371410392159,0.0475962065629969,0.154568321321719,0.307929892464381,0.758135679337934,0.988921825345433
"GENE_527",110.521888698312,0.103262190362901,0.162610873846291,0.635026354144742,0.525411226966022,0.988921825345433
"GENE_529",105.865373426613,0.0886714661623526,0.154457785901395,0.574082204046096,0.565912175226025,0.988921825345433
"GENE_557",106.497884175888,-0.0827847478444177,0.153790873500535,-0.538294282099448,0.590373898250917,0.988921825345433
"GENE_575",113.033828938074,0.105424240194127,0.1640191644406,0.642755622818126,0.520382682478962,0.988921825345433
"GENE_584",105.010199435208,-0.0248298074397531,0.150882461756736,-0.164563907233868,0.869287241679606,0.988921825345433
"GENE_603",106.538965812899,0.133118894082683,0.239125715655869,0.556689997633954,0.577739252058511,0.988921825345433
"GENE_610",103.388997223971,0.0391448457307001,0.156616262721037,0.249941130318148,0.802632875027178,0.988921825345433
"GENE_615",105.837213827239,0.0435767379083273,0.153395442201546,0.284081047539026,0.776348270765948,0.988921825345433
"GENE_616",104.524339644242,0.0346267915720113,0.152389139750763,0.227226110920007,0.820247925085984,0.988921825345433
"GENE_621",103.855964783851,0.0718271850949607,0.153299861774461,0.468540442656333,0.63939815663996,0.988921825345433
"GENE_631",104.188527595472,0.0161394269617594,0.153592260806107,0.105079688762011,0.916312576086197,0.988921825345433
"GENE_632",105.180995979075,-0.0294107584315369,0.15057571715557,-0.195322054492695,0.845140832580846,0.988921825345433
"GENE_635",104.871243748853,0.0984994959074895,0.150703695237966,0.653597085008139,0.513371422746734,0.988921825345433
"GENE_646",105.55995588155,-0.0388557566285658,0.163146666354204,-0.23816457606438,0.811753450868679,0.988921825345433
"GENE_659",105.321748934602,-0.0701813402067566,0.152722157503718,-0.459536070953215,0.645849255284762,0.988921825345433
"GENE_670",105.980394472293,-0.0513860984501039,0.152935143701555,-0.335999281828781,0.736871408040781,0.988921825345433
"GENE_674",105.370406087978,0.102773299815158,0.150414189360125,0.683268648073463,0.494437101385923,0.988921825345433
"GENE_685",108.354670015536,0.0651033947987711,0.155877680354539,0.417656938765675,0.676197960235504,0.988921825345433
"GENE_691",104.680675580667,0.0575069382638762,0.153511128628825,0.374610875299618,0.707949883766838,0.988921825345433
"GENE_699",104.017728339796,-0.0439137849011036,0.153047435832085,-0.286929242965452,0.774166498848241,0.988921825345433
"GENE_707",103.704197449285,-0.0628352175356843,0.157359824623483,-0.399309148227833,0.689665427210098,0.988921825345433
"GENE_709",107.192194070782,-0.0105504047927052,0.15435489445525,-0.0683516051106756,0.945505745208316,0.988921825345433
"GENE_710",104.169149846585,-0.0667531577045952,0.154225944666338,-0.432827030815165,0.665140434248777,0.988921825345433
"GENE_712",104.037669734273,0.0576824443286243,0.151709301110526,0.380216927415679,0.703784394885936,0.988921825345433
"GENE_713",104.175742347384,0.0256154381055318,0.155083737733176,0.165171658098695,0.868808872404788,0.988921825345433
"GENE_721",106.326051335856,-0.0241609208548691,0.155350301856777,-0.155525419430108,0.876407115942465,0.988921825345433
"GENE_745",104.03132528797,0.0760074843889223,0.153573803692734,0.494924802025455,0.620653202570901,0.988921825345433
"GENE_746",105.038680707627,0.0297113242104794,0.157596358930268,0.188527986383403,0.850462778883259,0.988921825345433
"GENE_749",104.401464675801,0.0939664675440222,0.153113281746379,0.613705528823232,0.539409934209618,0.988921825345433
"GENE_755",105.186211048471,-0.0477378893773468,0.153073320098206,-0.311862899078168,0.755144719500549,0.988921825345433
"GENE_778",104.692803030116,0.0117074385652609,0.151800437486914,0.0771238789497574,0.938524996918496,0.988921825345433
"GENE_783",103.65124827874,-0.0624215193080552,0.1540976165509,-0.405077772811864,0.685420344202783,0.988921825345433
"GENE_802",105.211617090394,-0.0390565371293942,0.161068345154,-0.242484251589296,0.808404958208817,0.988921825345433
"GENE_808",103.852836725953,-0.0114917281180874,0.152667960265792,-0.0752726904720575,0.939997749669428,0.988921825345433
"GENE_826",105.860520611537,0.0340480980324167,0.161256590911736,0.211142365344019,0.83277618257268,0.988921825345433
"GENE_831",103.653740212436,-0.0994271382895453,0.15414040278519,-0.645042678577317,0.518899528692553,0.988921825345433
"GENE_836",104.190142530538,0.0716125912697615,0.151326564192476,0.47323212320261,0.636047582113588,0.988921825345433
"GENE_840",103.381995163349,0.11377648344316,0.156692867083966,0.726111440555815,0.467770456089343,0.988921825345433
"GENE_849",107.017048070501,0.0299114011103023,0.1539759092291,0.194260266167984,0.84597209594451,0.988921825345433
"GENE_853",104.027635541811,-0.0254918615103162,0.152365140874544,-0.16730770151229,0.867127944622176,0.988921825345433
"GENE_859",104.056414498587,0.0851022394171409,0.153780647571315,0.553400188913076,0.579989409597477,0.988921825345433
"GENE_861",104.372794509549,0.0483634855825737,0.152440033359322,0.317262365513751,0.751044531327837,0.988921825345433
"GENE_864",104.644467455517,-0.0797847033776629,0.152349272541122,-0.523695991762137,0.600490003929031,0.988921825345433
"GENE_873",107.024851696229,0.0296010569517875,0.158051018548608,0.187287986016261,0.851434842094603,0.988921825345433
"GENE_883",103.890171904772,0.0899708066831679,0.151091408805456,0.595472683685234,0.551527553228855,0.988921825345433
"GENE_896",105.343916994373,-0.0338464370711299,0.151613097719833,-0.223242170895254,0.823347032366671,0.988921825345433
"GENE_907",104.015063417858,-0.0158699814740288,0.153913794962365,-0.103109545690231,0.917876029041469,0.988921825345433
"GENE_909",105.853266646901,0.0434465836473411,0.152988434110851,0.283986066658221,0.776421058447607,0.988921825345433
"GENE_911",105.860183468045,0.0161775534592293,0.153335909881389,0.105504010585278,0.915975887765636,0.988921825345433
"GENE_928",104.042303703065,0.0296507751318548,0.157005925998987,0.188851312096628,0.850209354125222,0.988921825345433
"GENE_933",103.843596133036,-0.103953529237006,0.154182471921211,-0.674224040785436,0.500168887583121,0.988921825345433
"GENE_962",104.402937640686,0.0755828074901692,0.153607207308393,0.492052481225206,0.622682243457612,0.988921825345433
"GENE_984",104.826558301612,-0.0568442813268281,0.151703061753433,-0.374707541626409,0.707877982850869,0.988921825345433
"GENE_994",103.350380208897,-0.0349468918028778,0.151043615462834,-0.231369539823263,0.817027726900943,0.988921825345433
"GENE_996",104.670904879113,0.0119947089082346,0.157763196788417,0.0760298292149921,0.939395366592309,0.988921825345433
"GENE_62",104.349251312105,-0.00683031832753677,0.150012535553735,-0.0455316504205753,0.963683547663221,0.990673077599187
"GENE_101",105.039187073899,-0.00678711777498094,0.152790549288716,-0.0444210574971878,0.964568776758973,0.990673077599187
"GENE_136",104.872872471129,0.00679229845554537,0.154776341901711,0.0438846038877102,0.964996387795266,0.990673077599187
"GENE_439",104.666395907335,-0.0064210329996788,0.152934821859654,-0.0419854217738016,0.966510319608963,0.990673077599187
"GENE_153",106.6841459618,0.0026949755980882,0.150886540115409,0.0178609410489954,0.985749788567252,0.992178207014529
"GENE_224",105.183828102835,-0.00188472517571075,0.155018895072449,-0.0121580351532625,0.990299530445811,0.992178207014529
"GENE_261",107.190173324411,-0.00152051741300894,0.155102281330735,-0.00980332075043203,0.992178207014529,0.992178207014529
"GENE_711",104.34882767475,0.00250631803968472,0.155094881864682,0.0161599016650429,0.987106825118964,0.992178207014529
"GENE_744",113.634003460908,-0.00468616123495196,0.176493752274802,-0.0265514284474817,0.978817514069403,0.992178207014529
